{"cameraMode":{"drawMode":0,"name":"Shaded","section":"Shading Mode"},"sceneLighting":false,"audioPlay":false,"sceneViewState":{"showFog":true,"showMaterialUpdate":false,"showSkybox":true,"showFlares":true,"showImageEffects":true,"showParticleSystems":true},"in2DMode":false,"pivot":{"x":0.00069427490234375,"y":1.7944124937057496,"z":0.0017032623291015626},"rotation":{"x":0.12583622336387635,"y":-0.04941412806510925,"z":0.0062736570835113529,"w":0.9907997846603394},"size":9.653008460998536,"orthographic":false}