{"cameraMode":{"drawMode":0,"name":"Shaded","section":"Shading Mode"},"sceneLighting":false,"audioPlay":false,"sceneViewState":{"showFog":true,"showMaterialUpdate":false,"showSkybox":true,"showFlares":true,"showImageEffects":true,"showParticleSystems":true},"in2DMode":false,"pivot":{"x":-0.03006601333618164,"y":0.49673065543174746,"z":0.0967274010181427},"rotation":{"x":0.13622787594795228,"y":-0.7899566292762756,"z":0.18982498347759248,"w":0.5669013261795044},"size":1.5642836093902588,"orthographic":false}