{"cameraMode":{"drawMode":0,"name":"Shaded","section":"Shading Mode"},"sceneLighting":false,"audioPlay":false,"sceneViewState":{"showFog":true,"showMaterialUpdate":false,"showSkybox":true,"showFlares":true,"showImageEffects":true,"showParticleSystems":true},"in2DMode":false,"pivot":{"x":-0.0001290440559387207,"y":-0.226960688829422,"z":0.5230037569999695},"rotation":{"x":0.08692152053117752,"y":-0.6189574003219605,"z":0.06919185817241669,"w":0.7775274515151978},"size":2.8817689418792726,"orthographic":false}