{"cameraMode":{"drawMode":0,"name":"Shaded","section":"Shading Mode"},"sceneLighting":false,"audioPlay":false,"sceneViewState":{"showFog":true,"showMaterialUpdate":false,"showSkybox":true,"showFlares":true,"showImageEffects":true,"showParticleSystems":true},"in2DMode":false,"pivot":{"x":0.23391449451446534,"y":0.36582767963409426,"z":0.37729573249816897},"rotation":{"x":0.019647857174277307,"y":-0.8929795026779175,"z":0.03916194662451744,"w":0.44795966148376467},"size":1.1761219501495362,"orthographic":false}