{"cameraMode":{"drawMode":0,"name":"Shaded","section":"Shading Mode"},"sceneLighting":true,"audioPlay":false,"sceneViewState":{"showFog":true,"showMaterialUpdate":false,"showSkybox":true,"showFlares":true,"showImageEffects":true,"showParticleSystems":true},"in2DMode":false,"pivot":{"x":129.6367645263672,"y":2.2222139835357668,"z":159.52259826660157},"rotation":{"x":-0.044847968965768817,"y":0.5267155170440674,"z":-0.027842838317155839,"w":-0.8484010100364685},"size":4.284010410308838,"orthographic":false}