{"cameraMode":{"drawMode":0,"name":"Shaded","section":"Shading Mode"},"sceneLighting":false,"audioPlay":false,"sceneViewState":{"showFog":true,"showMaterialUpdate":false,"showSkybox":true,"showFlares":true,"showImageEffects":true,"showParticleSystems":true},"in2DMode":false,"pivot":{"x":-0.018342018127441407,"y":0.11394047737121582,"z":-0.15376737713813783},"rotation":{"x":0.09882037341594696,"y":-0.6472650766372681,"z":0.08516540378332138,"w":0.7510188221931458},"size":2.0251095294952394,"orthographic":false}