{"cameraMode":{"drawMode":0,"name":"Shaded","section":"Shading Mode"},"sceneLighting":false,"audioPlay":false,"sceneViewState":{"showFog":true,"showMaterialUpdate":false,"showSkybox":true,"showFlares":true,"showImageEffects":true,"showParticleSystems":true},"in2DMode":false,"pivot":{"x":-6.109476089477539e-7,"y":-0.19607174396514893,"z":0.0},"rotation":{"x":0.08562583476305008,"y":-0.677194356918335,"z":0.07981903851032257,"w":0.7264329791069031},"size":2.511645793914795,"orthographic":false}