{"cameraMode":{"drawMode":0,"name":"Shaded","section":"Shading Mode"},"sceneLighting":false,"audioPlay":false,"sceneViewState":{"showFog":true,"showMaterialUpdate":false,"showSkybox":true,"showFlares":true,"showImageEffects":true,"showParticleSystems":true},"in2DMode":false,"pivot":{"x":3.0547380447387697e-7,"y":0.6641480326652527,"z":-0.020825982093811036},"rotation":{"x":0.08562583476305008,"y":-0.677194356918335,"z":0.07981903851032257,"w":0.7264329791069031},"size":3.3308756351470949,"orthographic":false}