{"cameraMode":{"drawMode":0,"name":"Shaded","section":"Shading Mode"},"sceneLighting":false,"audioPlay":false,"sceneViewState":{"showFog":true,"showMaterialUpdate":false,"showSkybox":true,"showFlares":true,"showImageEffects":true,"showParticleSystems":true},"in2DMode":false,"pivot":{"x":0.0,"y":0.10163664817810059,"z":0.053187787532806399},"rotation":{"x":0.07497895509004593,"y":-0.6234239935874939,"z":0.060238104313611987,"w":0.7759459614753723},"size":1.4040946960449219,"orthographic":false}