{"cameraMode":{"drawMode":0,"name":"Shaded","section":"Shading Mode"},"sceneLighting":false,"audioPlay":false,"sceneViewState":{"showFog":true,"showMaterialUpdate":false,"showSkybox":true,"showFlares":true,"showImageEffects":true,"showParticleSystems":true},"in2DMode":false,"pivot":{"x":2.384185791015625e-7,"y":1.592818021774292,"z":0.07850086688995362},"rotation":{"x":0.01593896374106407,"y":-0.981604814529419,"z":0.09484970569610596,"w":0.16492879390716554},"size":9.819503784179688,"orthographic":false}