{"cameraMode":{"drawMode":0,"name":"Shaded","section":"Shading Mode"},"sceneLighting":false,"audioPlay":false,"sceneViewState":{"showFog":true,"showMaterialUpdate":false,"showSkybox":true,"showFlares":true,"showImageEffects":true,"showParticleSystems":true},"in2DMode":false,"pivot":{"x":-0.011230707168579102,"y":1.1321699619293213,"z":0.016677752137184144},"rotation":{"x":0.01593896374106407,"y":-0.981604814529419,"z":0.09484970569610596,"w":0.16492879390716554},"size":7.2976393699646,"orthographic":false}