{"cameraMode":{"drawMode":0,"name":"Shaded","section":"Shading Mode"},"sceneLighting":false,"audioPlay":false,"sceneViewState":{"showFog":true,"showMaterialUpdate":false,"showSkybox":true,"showFlares":true,"showImageEffects":true,"showParticleSystems":true},"in2DMode":false,"pivot":{"x":1.9971354007720948,"y":-0.011668100953102112,"z":-0.3879146873950958},"rotation":{"x":0.07548779994249344,"y":-0.545234203338623,"z":0.049382634460926059,"w":0.8334162831306458},"size":0.8962604403495789,"orthographic":false}