{"cameraMode":{"drawMode":0,"name":"Shaded","section":"Shading Mode"},"sceneLighting":false,"audioPlay":false,"sceneViewState":{"showFog":true,"showMaterialUpdate":false,"showSkybox":true,"showFlares":true,"showImageEffects":true,"showParticleSystems":true},"in2DMode":false,"pivot":{"x":0.0,"y":0.5154080390930176,"z":-0.03257136046886444},"rotation":{"x":0.07548779994249344,"y":-0.545234203338623,"z":0.049382634460926059,"w":0.8334162831306458},"size":2.5151798725128176,"orthographic":false}