{"cameraMode":{"drawMode":0,"name":"Shaded","section":"Shading Mode"},"sceneLighting":false,"audioPlay":false,"sceneViewState":{"showFog":true,"showMaterialUpdate":false,"showSkybox":true,"showFlares":true,"showImageEffects":true,"showParticleSystems":true},"in2DMode":false,"pivot":{"x":-0.048603177070617679,"y":0.12395346164703369,"z":0.13438495993614198},"rotation":{"x":0.08562583476305008,"y":-0.677194356918335,"z":0.07981903851032257,"w":0.7264329791069031},"size":1.1873966455459595,"orthographic":false}