{"cameraMode":{"drawMode":0,"name":"Shaded","section":"Shading Mode"},"sceneLighting":false,"audioPlay":false,"sceneViewState":{"showFog":true,"showMaterialUpdate":false,"showSkybox":true,"showFlares":true,"showImageEffects":true,"showParticleSystems":true},"in2DMode":false,"pivot":{"x":6.109476089477539e-7,"y":-0.016808390617370607,"z":0.35858097672462466},"rotation":{"x":0.08692152053117752,"y":-0.6189574003219605,"z":0.06919185817241669,"w":0.7775274515151978},"size":2.301652193069458,"orthographic":false}