{"cameraMode":{"drawMode":0,"name":"Shaded","section":"Shading Mode"},"sceneLighting":false,"audioPlay":false,"sceneViewState":{"showFog":true,"showMaterialUpdate":false,"showSkybox":true,"showFlares":true,"showImageEffects":true,"showParticleSystems":true},"in2DMode":false,"pivot":{"x":0.1691533327102661,"y":0.8903697729110718,"z":-0.1290355920791626},"rotation":{"x":-0.09199073910713196,"y":-0.37164291739463808,"z":0.03703951835632324,"w":-0.923064112663269},"size":1.858670949935913,"orthographic":false}