{"cameraMode":{"drawMode":0,"name":"Shaded","section":"Shading Mode"},"sceneLighting":false,"audioPlay":false,"sceneViewState":{"showFog":true,"showMaterialUpdate":false,"showSkybox":true,"showFlares":true,"showImageEffects":true,"showParticleSystems":true},"in2DMode":false,"pivot":{"x":-0.5143395066261292,"y":0.1791209578514099,"z":-0.09120067954063416},"rotation":{"x":0.10498788207769394,"y":-0.7910062670707703,"z":0.14175543189048768,"w":0.5858259797096252},"size":1.4567594528198243,"orthographic":false}