{"cameraMode":{"drawMode":0,"name":"Shaded","section":"Shading Mode"},"sceneLighting":false,"audioPlay":false,"sceneViewState":{"showFog":true,"showMaterialUpdate":false,"showSkybox":true,"showFlares":true,"showImageEffects":true,"showParticleSystems":true},"in2DMode":false,"pivot":{"x":0.710961639881134,"y":0.05171767622232437,"z":0.3403843641281128},"rotation":{"x":0.012670333497226239,"y":-0.9709717035293579,"z":0.05280272662639618,"w":0.23294925689697267},"size":0.6249207258224487,"orthographic":false}