{"cameraMode":{"drawMode":0,"name":"Shaded","section":"Shading Mode"},"sceneLighting":false,"audioPlay":false,"sceneViewState":{"showFog":true,"showMaterialUpdate":false,"showSkybox":true,"showFlares":true,"showImageEffects":true,"showParticleSystems":true},"in2DMode":false,"pivot":{"x":-0.00532609224319458,"y":0.42000657320022585,"z":0.008955061435699463},"rotation":{"x":0.08692152053117752,"y":-0.6189574003219605,"z":0.06919185817241669,"w":0.7775274515151978},"size":2.844695568084717,"orthographic":false}