{"cameraMode":{"drawMode":0,"name":"Shaded","section":"Shading Mode"},"sceneLighting":false,"audioPlay":false,"sceneViewState":{"showFog":true,"showMaterialUpdate":false,"showSkybox":true,"showFlares":true,"showImageEffects":true,"showParticleSystems":true},"in2DMode":false,"pivot":{"x":-1.4975745677947999,"y":0.9020882844924927,"z":0.7800257205963135},"rotation":{"x":0.03411266952753067,"y":-0.9376688599586487,"z":0.09628582745790482,"w":0.3321784436702728},"size":5.066032409667969,"orthographic":false}