{"cameraMode":{"drawMode":0,"name":"Shaded","section":"Shading Mode"},"sceneLighting":false,"audioPlay":false,"sceneViewState":{"showFog":true,"showMaterialUpdate":false,"showSkybox":true,"showFlares":true,"showImageEffects":true,"showParticleSystems":true},"in2DMode":false,"pivot":{"x":0.0,"y":0.863213837146759,"z":-0.07300293445587158},"rotation":{"x":0.01593896374106407,"y":-0.981604814529419,"z":0.09484970569610596,"w":0.16492879390716554},"size":4.769444465637207,"orthographic":false}