{"cameraMode":{"drawMode":0,"name":"Shaded","section":"Shading Mode"},"sceneLighting":false,"audioPlay":false,"sceneViewState":{"showFog":true,"showMaterialUpdate":false,"showSkybox":true,"showFlares":true,"showImageEffects":true,"showParticleSystems":true},"in2DMode":false,"pivot":{"x":-5.960464477539063e-8,"y":0.7984914779663086,"z":-0.02956467866897583},"rotation":{"x":0.01593896374106407,"y":-0.981604814529419,"z":0.09484970569610596,"w":0.16492879390716554},"size":4.392845153808594,"orthographic":false}