{"cameraMode":{"drawMode":0,"name":"Shaded","section":"Shading Mode"},"sceneLighting":false,"audioPlay":false,"sceneViewState":{"showFog":true,"showMaterialUpdate":false,"showSkybox":true,"showFlares":true,"showImageEffects":true,"showParticleSystems":true},"in2DMode":false,"pivot":{"x":-0.34223413467407229,"y":0.0006864666938781738,"z":0.22814729809761048},"rotation":{"x":0.13172002136707307,"y":-0.7448379397392273,"z":0.15434405207633973,"w":0.6356447339057922},"size":0.9613555073738098,"orthographic":false}