{"cameraMode":{"drawMode":0,"name":"Shaded","section":"Shading Mode"},"sceneLighting":false,"audioPlay":false,"sceneViewState":{"showFog":true,"showMaterialUpdate":false,"showSkybox":true,"showFlares":true,"showImageEffects":true,"showParticleSystems":true},"in2DMode":false,"pivot":{"x":0.0,"y":1.8776805400848389,"z":-0.0000019073486328125},"rotation":{"x":0.1346757560968399,"y":-0.7665772438049316,"z":0.1708749383687973,"w":0.604171872138977},"size":8.82892894744873,"orthographic":false}