{"cameraMode":{"drawMode":0,"name":"Shaded","section":"Shading Mode"},"sceneLighting":false,"audioPlay":false,"sceneViewState":{"showFog":true,"showMaterialUpdate":false,"showSkybox":true,"showFlares":true,"showImageEffects":true,"showParticleSystems":true},"in2DMode":false,"pivot":{"x":-0.014310181140899659,"y":0.060682982206344607,"z":-0.10254032909870148},"rotation":{"x":0.07497895509004593,"y":-0.6234239935874939,"z":0.060238104313611987,"w":0.7759459614753723},"size":0.8410922288894653,"orthographic":false}