{"cameraMode":{"drawMode":0,"name":"Shaded","section":"Shading Mode"},"sceneLighting":false,"audioPlay":false,"sceneViewState":{"showFog":true,"showMaterialUpdate":false,"showSkybox":true,"showFlares":true,"showImageEffects":true,"showParticleSystems":true},"in2DMode":false,"pivot":{"x":-0.007925651967525483,"y":-0.11425513029098511,"z":-0.0019421577453613282},"rotation":{"x":0.11617925763130188,"y":-0.4698607325553894,"z":0.06253940612077713,"w":0.8728242516517639},"size":1.1952056884765626,"orthographic":false}