{"cameraMode":{"drawMode":0,"name":"Shaded","section":"Shading Mode"},"sceneLighting":false,"audioPlay":false,"sceneViewState":{"showFog":true,"showMaterialUpdate":false,"showSkybox":true,"showFlares":true,"showImageEffects":true,"showParticleSystems":true},"in2DMode":false,"pivot":{"x":0.0,"y":0.23400819301605225,"z":0.07387614250183106},"rotation":{"x":0.08562583476305008,"y":-0.677194356918335,"z":0.07981903851032257,"w":0.7264329791069031},"size":2.8893656730651857,"orthographic":false}