{"cameraMode":{"drawMode":0,"name":"Shaded","section":"Shading Mode"},"sceneLighting":false,"audioPlay":false,"sceneViewState":{"showFog":true,"showMaterialUpdate":false,"showSkybox":true,"showFlares":true,"showImageEffects":true,"showParticleSystems":true},"in2DMode":false,"pivot":{"x":-0.050042614340782168,"y":-0.12378525733947754,"z":-0.03584762662649155},"rotation":{"x":0.08692152053117752,"y":-0.6189574003219605,"z":0.06919185817241669,"w":0.7775274515151978},"size":3.487302303314209,"orthographic":false}