{"cameraMode":{"drawMode":0,"name":"Shaded","section":"Shading Mode"},"sceneLighting":true,"audioPlay":false,"sceneViewState":{"showFog":true,"showMaterialUpdate":false,"showSkybox":true,"showFlares":true,"showImageEffects":true,"showParticleSystems":true},"in2DMode":false,"pivot":{"x":125.30000305175781,"y":0.7899999618530273,"z":156.3000030517578},"rotation":{"x":0.05118555948138237,"y":0.06554660946130753,"z":-0.003367230761796236,"w":0.9965301752090454},"size":5.801895618438721,"orthographic":false}