{"cameraMode":{"drawMode":0,"name":"Shaded","section":"Shading Mode"},"sceneLighting":true,"audioPlay":false,"sceneViewState":{"showFog":true,"showMaterialUpdate":false,"showSkybox":true,"showFlares":true,"showImageEffects":true,"showParticleSystems":true},"in2DMode":false,"pivot":{"x":125.2300033569336,"y":0.9900000095367432,"z":153.5399932861328},"rotation":{"x":0.12254459410905838,"y":0.08591427654027939,"z":-0.010649386793375016,"w":0.9886800646781921},"size":-0.1553032398223877,"orthographic":false}