{"cameraMode":{"drawMode":0,"name":"Shaded","section":"Shading Mode"},"sceneLighting":true,"audioPlay":false,"sceneViewState":{"showFog":true,"showMaterialUpdate":false,"showSkybox":true,"showFlares":true,"showImageEffects":true,"showParticleSystems":true},"in2DMode":false,"pivot":{"x":220.26202392578126,"y":37.40958786010742,"z":221.30404663085938},"rotation":{"x":-0.0021924611646682026,"y":0.8520985245704651,"z":0.003570342669263482,"w":0.5233646631240845},"size":137.12269592285157,"orthographic":false}