{"cameraMode":{"drawMode":0,"name":"Shaded","section":"Shading Mode"},"sceneLighting":false,"audioPlay":false,"sceneViewState":{"showFog":true,"showMaterialUpdate":false,"showSkybox":true,"showFlares":true,"showImageEffects":true,"showParticleSystems":true},"in2DMode":false,"pivot":{"x":1.1920928955078126e-7,"y":0.7369954586029053,"z":-0.01950007677078247},"rotation":{"x":0.15837667882442475,"y":0.7037732601165772,"z":-0.16576331853866578,"w":0.672415554523468},"size":3.058670997619629,"orthographic":false}