{"cameraMode":{"drawMode":0,"name":"Shaded","section":"Shading Mode"},"sceneLighting":false,"audioPlay":false,"sceneViewState":{"showFog":true,"showMaterialUpdate":false,"showSkybox":true,"showFlares":true,"showImageEffects":true,"showParticleSystems":true},"in2DMode":false,"pivot":{"x":-0.08704769611358643,"y":1.4651072025299073,"z":0.17807388305664063},"rotation":{"x":-0.15267613530158997,"y":0.32343149185180666,"z":-0.05296250432729721,"w":-0.9323502779006958},"size":7.073439121246338,"orthographic":false}